{
  "Name": "Viga Depth",
  "Version": "0.9.0",
  "Factory Info": {
    "Vendor": "Viga Audio",
    "URL": "",
    "E-Mail": "",
    "Flags": {
      "Unicode": true,
      "Classes Discardable": false,
      "Component Non Discardable": false,
    },
  },
  "Classes": [
    {
      "CID": "5653544C646769766967612064657074",
      "Category": "Audio Module Class",
      "Name": "Viga Depth",
      "Vendor": "Viga Audio",
      "Version": "0.9.0",
      "SDKVersion": "VST 3.7.12",
      "Sub Categories": [
        "Fx",
      ],
      "Class Flags": 0,
      "Cardinality": 2147483647,
      "Snapshots": [
      ],
    },
    {
      "CID": "5653454C646769766967612064657074",
      "Category": "Component Controller Class",
      "Name": "Viga Depth",
      "Vendor": "Viga Audio",
      "Version": "0.9.0",
      "SDKVersion": "VST 3.7.12",
      "Sub Categories": [
        "Fx",
      ],
      "Class Flags": 0,
      "Cardinality": 2147483647,
      "Snapshots": [
      ],
    },
    {
      "CID": "ABCDEF01C0DEF00D4D616E754C646769",
      "Category": "Plugin Compatibility Class",
      "Name": "Viga Depth",
      "Vendor": "Viga Audio",
      "Version": "0.9.0",
      "SDKVersion": "VST 3.7.12",
      "Class Flags": 0,
      "Cardinality": 2147483647,
      "Snapshots": [
      ],
    },
  ],
}